{"status": "success", "time_taken": 6.298245990276337, "score": -0.004166666666666652}