{"status": "success", "time_taken": 6.42711433172226, "score": -0.004166666666666674}